Sale_Date,City,Neighborhood,Street,Building_Number,Property_Type,Rooms,Floor,Square_Meter,Price
30.11.2022,גבעת זאב,שכונת משכנות גבעת זאב,רקפת,14,דירה בבית קומות,4.0,שניה,121,"2,230,000"
28.07.2022,גבעת זאב,שכונת משכנות גבעת זאב,סביון,2,דירה בבית קומות,4.0,שניה,119,"2,100,000"
05.07.2022,גבעת זאב,שכונת משכנות גבעת זאב,רקפת,4,דירה בבית קומות,4.0,שניה,121,"2,125,000"
10.04.2022,גבעת זאב,שכונת משכנות גבעת זאב,סביון,4,דירה בבית קומות,4.0,שניה,117,"1,950,000"
27.02.2022,גבעת זאב,שכונת משכנות גבעת זאב,רקפת,14,דירה בבית קומות,3.0,שלישית,79,"1,680,000"
12.01.2022,גבעת זאב,שכונת משכנות גבעת זאב,פרחי הבר,10,דירה בבית קומות,4.0,שלישית,100,"1,890,000"
10.01.2022,גבעת זאב,שכונת משכנות גבעת זאב,פרחי הבר,4,דירת גן,5.0,ראשונה,151,"3,044,000"
02.01.2022,גבעת זאב,שכונת משכנות גבעת זאב,פרחי הבר,4,דירה בבית קומות,6.0,שישית,152,"2,750,000"
05.11.2021,גבעת זאב,שכונת משכנות גבעת זאב,פרחי הבר,1,דירה בבית קומות,4.0,שניה,120,"2,245,000"
24.10.2021,גבעת זאב,שכונת משכנות גבעת זאב,פרחי הבר,3,דירה בבית קומות,4.0,חמישית,119,"2,113,000"
09.09.2021,גבעת זאב,שכונת משכנות גבעת זאב,סביון,2,דירה בבית קומות,4.0,ראשונה,124,"1,900,000"
23.08.2021,גבעת זאב,שכונת משכנות גבעת זאב,סביון,8,דירה בבית קומות,4.0,שלישית,107,"1,810,000"
09.08.2021,גבעת זאב,שכונת משכנות גבעת זאב,סביון,6,דירה בבית קומות,3.0,שלישית,90,"1,510,000"
06.07.2021,גבעת זאב,שכונת משכנות גבעת זאב,פרחי הבר,8,דירה בבית קומות,4.0,ראשונה,110,"1,780,000"
26.05.2021,גבעת זאב,שכונת משכנות גבעת זאב,סביון,4,דירה בבית קומות,4.0,ראשונה,124,"1,750,000"
11.05.2021,גבעת זאב,שכונת משכנות גבעת זאב,רקפת,4,דירה בבית קומות,3.0,שלישית,79,"1,520,000"
28.04.2021,גבעת זאב,שכונת משכנות גבעת זאב,רקפת,10,דירה בבית קומות,4.0,שניה,116,"1,550,000"
02.02.2021,גבעת זאב,שכונת משכנות גבעת זאב,רקפת,8,דירה בבית קומות,3.0,שלישית,94,"1,535,000"
08.12.2020,גבעת זאב,שכונת משכנות גבעת זאב,פרחי הבר,8,דירה בבית קומות,4.0,שניה,107,"1,740,000"
07.12.2020,גבעת זאב,שכונת משכנות גבעת זאב,פרחי הבר,1,דירה בבית קומות,4.0,שישית,130,"1,972,000"
01.12.2020,גבעת זאב,שכונת משכנות גבעת זאב,פרחי הבר,2,דירה בבית קומות,4.0,שניה,130,"2,016,000"
22.11.2020,גבעת זאב,שכונת משכנות גבעת זאב,רקפת,8,דירה בבית קומות,4.0,ראשונה,107,"1,700,000"
24.09.2020,גבעת זאב,שכונת משכנות גבעת זאב,סביון,4,דירה בבית קומות,4.0,שניה,100,"1,625,000"
16.09.2020,גבעת זאב,שכונת משכנות גבעת זאב,סביון,2,דירה בבית קומות,4.0,שניה,100,"1,650,000"
05.08.2020,גבעת זאב,שכונת משכנות גבעת זאב,סביון,12,דירה בבית קומות,5.0,רביעית,132,"1,960,000"
25.05.2020,גבעת זאב,שכונת משכנות גבעת זאב,סביון,12,דירה בבית קומות,4.0,ראשונה,122,"2,000,000"
18.05.2020,גבעת זאב,שכונת משכנות גבעת זאב,סביון,10,דירה בבית קומות,4.0,שניה,100,"1,635,000"
03.03.2020,גבעת זאב,שכונת משכנות גבעת זאב,רקפת,10,דירה בבית קומות,4.0, ,100,"1,600,000"
29.01.2020,גבעת זאב,שכונת משכנות גבעת זאב,סביון,8,דירה בבית קומות,4.0,ראשונה,113,"1,870,000"
24.09.2019,גבעת זאב,שכונת משכנות גבעת זאב,סביון,2,דירה בבית קומות,4.0,שניה,108,"1,625,000"
19.09.2019,גבעת זאב,שכונת משכנות גבעת זאב,סביון,2,דירה בבית קומות,3.0,שלישית,79,"1,500,000"
27.06.2019,גבעת זאב,שכונת משכנות גבעת זאב,אירוס,5,דירה בבית קומות,4.0,שלישית,100,"1,570,000"
17.06.2019,גבעת זאב,שכונת משכנות גבעת זאב,רקפת,12,דירה בבית קומות,3.0,רביעית,86,"1,400,000"
03.06.2019,גבעת זאב,שכונת משכנות גבעת זאב,אירוס,5,דירה בבית קומות,4.0,שניה,107,"1,500,000"
07.02.2019,גבעת זאב,שכונת משכנות גבעת זאב,פרחי הבר,8,דירה בבית קומות,4.0,רביעית,93,"1,590,000"
12.11.2018,גבעת זאב,שכונת משכנות גבעת זאב,רקפת,2,דירה בבית קומות,4.0,שניה,106,"1,530,000"
31.07.2018,גבעת זאב,שכונת משכנות גבעת זאב,רקפת,2,דירה בבית קומות,4.0,שניה,107,"1,585,000"
15.03.2018,גבעת זאב,שכונת משכנות גבעת זאב,רקפת,6,דירה בבית קומות,4.0, ,109,"1,850,000"
21.12.2017,גבעת זאב,שכונת משכנות גבעת זאב,רקפת,2,דירה בבית קומות,5.0,חמישית,140,"1,750,000"
07.11.2017,גבעת זאב,שכונת משכנות גבעת זאב,רקפת,6,דירה בבית קומות,3.0,שלישית,79,"1,400,000"
16.07.2017,גבעת זאב,שכונת משכנות גבעת זאב,רקפת,2,דירה בבית קומות,3.0, ,86,"1,350,000"
18.06.2017,גבעת זאב,שכונת משכנות גבעת זאב,סביון,8,דירה בבית קומות,3.0,שניה,79,"1,392,000"
23.02.2017,גבעת זאב,שכונת משכנות גבעת זאב,סביון,10,דירה בבית קומות,5.0,חמישית,132,"1,800,000"
25.08.2016,גבעת זאב,שכונת משכנות גבעת זאב,רקפת,10,דירה בבית קומות,4.0, ,114,"1,680,000"
07.08.2016,גבעת זאב,שכונת משכנות גבעת זאב,סביון,12,דירה בבית קומות,4.0,שניה,90,"1,550,000"
07.07.2016,גבעת זאב,שכונת משכנות גבעת זאב,סביון,10,דירה בבית קומות,4.0,שלישית,100,"1,500,000"
16.06.2016,גבעת זאב,שכונת משכנות גבעת זאב,סביון,2,דירה בבית קומות,4.0,שלישית,100,"1,450,000"
08.12.2015,גבעת זאב,שכונת משכנות גבעת זאב,רקפת,2,דירה בבית קומות,4.0,שניה,107,"1,530,000"
01.12.2015,גבעת זאב,שכונת משכנות גבעת זאב,סביון,8,דירה בבית קומות,3.0,רביעית,79,"1,300,000"
30.07.2015,גבעת זאב,שכונת משכנות גבעת זאב,סביון,2,דירה בבית קומות,3.0,שלישית,79,"1,300,000"
04.06.2015,גבעת זאב,שכונת משכנות גבעת זאב,סביון,12,דירה בבית קומות,4.0,שניה,107,"1,460,000"
07.05.2015,גבעת זאב,שכונת משכנות גבעת זאב,רקפת,4,דירה בבית קומות,3.0,שלישית,79,"1,280,000"
01.04.2015,גבעת זאב,שכונת משכנות גבעת זאב,רקפת,8,דירה בבית קומות,5.0,חמישית,146,"1,930,000"
12.03.2015,גבעת זאב,שכונת משכנות גבעת זאב,סביון,8,דירה בבית קומות,4.0, ,113,"1,570,000"
10.03.2015,גבעת זאב,שכונת משכנות גבעת זאב,רקפת,14,דירה בבית קומות,4.0, ,114,"1,460,000"
26.01.2015,גבעת זאב,שכונת משכנות גבעת זאב,רקפת,4,דירה בבית קומות,4.0, ,113,"1,570,000"
22.01.2015,גבעת זאב,שכונת משכנות גבעת זאב,סביון,10,דירה בבית קומות,4.0,שניה,107,"1,470,000"
19.01.2015,גבעת זאב,שכונת משכנות גבעת זאב,פרחי הבר,10,דירה בבית קומות,5.0,רביעית,140,"1,925,000"
15.01.2015,גבעת זאב,שכונת משכנות גבעת זאב,רקפת,14,דירה בבית קומות,3.0,רביעית,75,"1,250,000"
12.01.2015,גבעת זאב,שכונת משכנות גבעת זאב,רקפת,12,דירה בבית קומות,4.0, ,80,"1,390,000"
06.08.2014,גבעת זאב,שכונת משכנות גבעת זאב,רקפת,12,דירה בבית קומות,4.0,ראשונה,107,"1,385,000"
08.07.2014,גבעת זאב,שכונת משכנות גבעת זאב,סביון,2,דירה בבית קומות,3.0, ,102,"1,315,000"
23.03.2014,גבעת זאב,שכונת משכנות גבעת זאב,רקפת,8,דירה בבית קומות,4.0,ראשונה,107,"1,390,000"
20.03.2014,גבעת זאב,שכונת משכנות גבעת זאב,סביון,8,דירה בבית קומות,4.0,שניה,107,"1,390,000"
03.01.2014,גבעת זאב,שכונת משכנות גבעת זאב,רקפת,4,דירה בבית קומות,4.0,שלישית,100,"1,340,000"
03.09.2013,גבעת זאב,שכונת משכנות גבעת זאב,רקפת,12,דירה בבית קומות,3.0,שניה,100,"1,200,000"
23.04.2013,גבעת זאב,שכונת משכנות גבעת זאב,סביון,2,דירה בבית קומות,4.0,שלישית,100,"1,450,000"
04.02.2013,גבעת זאב,שכונת משכנות גבעת זאב,רקפת,10,דירה בבית קומות,4.0,שניה,107,"1,300,000"
08.01.2013,גבעת זאב,שכונת משכנות גבעת זאב,סביון,10,דירה בבית קומות,4.0,שלישית,100,"1,300,000"
08.01.2013,גבעת זאב,שכונת משכנות גבעת זאב,סביון,8,דירה בבית קומות,3.0,ראשונה,102,"1,372,000"
30.12.2012,גבעת זאב,שכונת משכנות גבעת זאב,רקפת,6,דירה בבית קומות,3.0,שלישית,79,"900,000"
07.11.2012,גבעת זאב,שכונת משכנות גבעת זאב,רקפת,10,דירה בבית קומות,4.0,ראשונה,116,"1,300,000"
06.11.2012,גבעת זאב,שכונת משכנות גבעת זאב,רקפת,6,דירה בבית קומות,4.0, ,114,"1,510,000"
24.06.2012,גבעת זאב,שכונת משכנות גבעת זאב,רקפת,14,דירה בבית קומות,4.0, ,107,"1,340,000"
24.05.2012,גבעת זאב,שכונת משכנות גבעת זאב,רקפת,8,דירת גן,4.0, ,114,"1,500,000"
22.01.2012,גבעת זאב,שכונת משכנות גבעת זאב,רקפת,8,דירה בבית קומות,3.0, ,102,"1,300,000"
20.06.2011,גבעת זאב,שכונת משכנות גבעת זאב,רקפת,10,דירה בבית קומות,3.0,רביעית,75,"1,100,000"
26.05.2011,גבעת זאב,שכונת משכנות גבעת זאב,רקפת,8,דירה בבית קומות,3.0, ,75,"1,060,000"
03.03.2011,גבעת זאב,שכונת משכנות גבעת זאב,סביון,8,דירה בבית קומות,4.0, ,102,"1,300,000"
16.02.2011,גבעת זאב,שכונת משכנות גבעת זאב,סביון,6,דירה בבית קומות,4.0,שניה,100,"1,160,000"
18.11.2010,גבעת זאב,שכונת משכנות גבעת זאב,רקפת,10,דירה בבית קומות,4.0, ,107,"1,100,000"
10.11.2010,גבעת זאב,שכונת משכנות גבעת זאב,רקפת,12,דירה בבית קומות,3.0, ,79,"1,000,000"
31.08.2010,גבעת זאב,שכונת משכנות גבעת זאב,סביון,8,דירה בבית קומות,5.0, ,126,"1,490,000"
29.08.2010,גבעת זאב,שכונת משכנות גבעת זאב,סביון,12,דירה בבית קומות,4.0, ,100,"1,200,000"
25.03.2010,גבעת זאב,שכונת משכנות גבעת זאב,רקפת,2,דירה בבית קומות,4.0,שלישית,107,"950,000"
11.03.2010,גבעת זאב,שכונת משכנות גבעת זאב,סביון,10,דירה בבית קומות,4.0,ראשונה,107,"1,150,000"
27.11.2022,גבעת זאב,נווה מנחם,ייטב,7,דירה בבית קומות,4.5,חמישית,101,"2,480,000"
09.11.2022,גבעת זאב,נווה מנחם,ייטב,7,דירה בבית קומות,4.5,שלישית,92,"2,480,000"
28.09.2022,גבעת זאב,נווה מנחם,דרגות,8,דירה בבית קומות,4.0,שלישית,120,"2,540,000"
06.09.2022,גבעת זאב,נווה מנחם,קדרון,16,דירה בבית קומות,3.0,שלישית,106,"1,735,000"
08.08.2022,גבעת זאב,נווה מנחם,נחליאלי,4,דירה בבית קומות,7.0,רביעית,170,"2,600,000"
15.07.2022,גבעת זאב,נווה מנחם,נחליאלי,8,דירת גן,4.0,ראשונה,109,"2,350,000"
12.07.2022,גבעת זאב,נווה מנחם,דרגות,10,דירה בבית קומות,5.0,רביעית,128,"2,350,000"
06.07.2022,גבעת זאב,נווה מנחם,ייטב,5,דירה בבית קומות,4.0,שניה,103,"2,065,000"
09.05.2022,גבעת זאב,נווה מנחם,ייטב,7,דירה בבית קומות,4.0,שניה,100,"2,320,000"
10.04.2022,גבעת זאב,נווה מנחם,נחליאלי,8,דירה בבית קומות,4.0, ,106,"2,165,000"
21.02.2022,גבעת זאב,נווה מנחם,דוכיפת,6,דירה בבית קומות,5.0,שניה,135,"2,050,000"
12.01.2022,גבעת זאב,נווה מנחם,ייטב,7,דירה בבית קומות,3.0,רביעית,80,"1,200,000"
12.01.2022,גבעת זאב,נווה מנחם,חבר,5,דירה בבית קומות,6.0,ראשונה,300,"3,200,000"
10.01.2022,גבעת זאב,נווה מנחם,דרגות,6,דירה בבית קומות,3.0,שניה,77,"1,620,000"
28.12.2021,גבעת זאב,נווה מנחם,דרגות,4,דירה בבית קומות,5.0,שלישית,133,"2,295,000"
23.12.2021,גבעת זאב,נווה מנחם,לולב,23,דירה בבית קומות,6.0,רביעית,152,"2,982,000"
06.12.2021,גבעת זאב,נווה מנחם,קדרון,14,דירה בבית קומות,4.0,ראשונה,130,"2,290,000"
25.11.2021,גבעת זאב,נווה מנחם,קדרון,12,דירה בבית קומות,5.0,שביעית,95,"2,050,000"
31.10.2021,גבעת זאב,נווה מנחם,דוכיפת,4,דירה בבית קומות,5.0,ראשונה,106,"1,775,000"
28.10.2021,גבעת זאב,נווה מנחם,קדרון,20,דירה בבית קומות,4.0,שלישית,97,"2,885,000"
21.10.2021,גבעת זאב,נווה מנחם,נחליאלי,5,דירה בבית קומות,5.0,שניה,115,"1,850,000"
21.10.2021,גבעת זאב,נווה מנחם,נחליאלי,8,דירה בבית קומות,7.0,שלישית,133,"2,440,000"
10.10.2021,גבעת זאב,נווה מנחם,דוכיפת,14,דירה בבית קומות,3.0,ראשונה,77,"1,680,000"
12.09.2021,גבעת זאב,נווה מנחם,קדרון,2,דירה בבית קומות,3.0,שניה,93,"1,530,000"
23.08.2021,גבעת זאב,נווה מנחם,נחליאלי,7,דירה בבית קומות,6.0,שניה,100,"2,070,000"
10.08.2021,גבעת זאב,נווה מנחם,קדרון,4,דירה בבית קומות,4.0,שניה,92,"1,700,000"
04.08.2021,גבעת זאב,נווה מנחם,נחליאלי,6,דירה בבית קומות,3.0,ראשונה,83,"1,510,000"
27.07.2021,גבעת זאב,נווה מנחם,נחליאלי,5,דירה בבית קומות,4.0,ראשונה,110,"2,450,000"
20.07.2021,גבעת זאב,נווה מנחם,נחליאלי,4,דירה בבית קומות,3.0,רביעית,96,"1,580,000"
08.07.2021,גבעת זאב,נווה מנחם,קדרון,12,דירה בבית קומות,4.0,חמישית,112,"1,600,000"
01.07.2021,גבעת זאב,נווה מנחם,ערוגות,9,דירה בבית קומות,6.0,ראשונה,122,"2,600,000"
24.06.2021,גבעת זאב,נווה מנחם,נחליאלי,6,דירה בבית קומות,3.0,ראשונה,89,"1,500,000"
03.06.2021,גבעת זאב,נווה מנחם,דוכיפת,12,דירה בבית קומות,4.0,שלישית,95,"1,890,000"
30.05.2021,גבעת זאב,נווה מנחם,קדרון,16,דירה בבית קומות,5.0,שניה,136,"2,200,000"
09.05.2021,גבעת זאב,נווה מנחם,נחליאלי,7,דירה בבית קומות,5.0,שלישית,159,"2,028,000"
28.02.2021,גבעת זאב,נווה מנחם,נחליאלי,8,דירה בבית קומות,3.0,ראשונה,90,"1,590,000"
16.02.2021,גבעת זאב,נווה מנחם,נחליאלי,7,דירה בבית קומות,4.0,ראשונה,110,"1,800,000"
15.02.2021,גבעת זאב,נווה מנחם,נחליאלי,4,דירה בבית קומות,6.0,שניה,156,"1,910,000"
11.02.2021,גבעת זאב,נווה מנחם,דוכיפת,4,דירת גן,5.0,ראשונה,108,"1,850,000"
07.02.2021,גבעת זאב,נווה מנחם,קדרון,12,דירה בבית קומות,5.0,שלישית, ,"1,690,000"
01.02.2021,גבעת זאב,נווה מנחם,דוכיפת,10,דירה בבית קומות,5.0,ראשונה,116,"1,750,000"
07.01.2021,גבעת זאב,נווה מנחם,קדרון,12,דירה בבית קומות,5.0,שניה,124,"1,660,000"
07.01.2021,גבעת זאב,נווה מנחם,דוכיפת,8,דירה בבית קומות,5.0,ראשונה,116,"1,705,000"
23.12.2020,גבעת זאב,נווה מנחם,חבר,5,דירה בבית קומות,6.0,ראשונה,180,"1,500,000"
20.12.2020,גבעת זאב,נווה מנחם,קדרון,12,דירה בבית קומות,5.0,חמישית,95,"1,730,000"
15.12.2020,גבעת זאב,נווה מנחם,קדרון,16,דירה בבית קומות,5.0,שניה,97,"1,875,000"
11.12.2020,גבעת זאב,נווה מנחם,דרגות,4,דירה בבית קומות,3.0,ראשונה,93,"1,449,000"
29.11.2020,גבעת זאב,נווה מנחם,קדרון,4,דירה בבית קומות,5.0,שלישית,133,"2,120,000"
29.11.2020,גבעת זאב,נווה מנחם,חבר,7,קוטג' דו משפחתי,6.0,ראשונה,193,"3,000,000"
14.10.2020,גבעת זאב,נווה מנחם,קדרון,6,דירה בבית קומות,3.0,שניה,73,"1,313,000"
30.09.2020,גבעת זאב,נווה מנחם,סלעית,6,דירה בבית קומות,7.0,ראשונה,220,"3,484,000"
27.08.2020,גבעת זאב,נווה מנחם,נחליאלי,6,דירה בבית קומות,3.0,שניה,83,"1,500,000"
06.08.2020,גבעת זאב,נווה מנחם,ערוגות,7,דירה בבית קומות,5.0, ,120,"2,080,000"
28.06.2020,גבעת זאב,נווה מנחם,דרגות,10,דירה בבית קומות,3.0,שניה,75,"1,420,000"
10.05.2020,גבעת זאב,נווה מנחם,נחליאלי,8,דירה בבית קומות,7.0,שלישית,133,"2,470,000"
07.04.2020,גבעת זאב,נווה מנחם,קדרון,12,דירה בבית קומות,4.0,שישית,121,"1,830,000"
07.04.2020,גבעת זאב,נווה מנחם,נחליאלי,5,דירה בבית קומות,4.0, ,110,"2,280,000"
26.02.2020,גבעת זאב,נווה מנחם,דוכיפת,8,דירה בבית קומות,4.0,שלישית,104,"1,670,000"
10.02.2020,גבעת זאב,נווה מנחם,דרגות,2,דירה בבית קומות,4.0, ,114,"1,750,000"
24.11.2019,גבעת זאב,נווה מנחם,תור,24,דירה בבית קומות,6.0,שלישית,104,"2,080,000"
13.11.2019,גבעת זאב,נווה מנחם,נחליאלי,8,דירה בבית קומות,4.0, ,106,"1,730,000"
10.10.2019,גבעת זאב,נווה מנחם,ייטב,7,דירה בבית קומות,3.5,רביעית,74,"1,650,000"
10.09.2019,גבעת זאב,נווה מנחם,קדרון,9,דירה בבית קומות,6.0, ,155,"2,092,000"
30.07.2019,גבעת זאב,נווה מנחם,דוכיפת,6,דירה בבית קומות,3.0, ,77,"1,360,000"
08.07.2019,גבעת זאב,נווה מנחם,דרגות,8,דירה בבית קומות,3.0,שלישית,78,"760,000"
17.06.2019,גבעת זאב,נווה מנחם,דרגות,6,דירה בבית קומות,6.0, ,148,"2,280,000"
19.04.2019,גבעת זאב,נווה מנחם,נחליאלי,3,דירה בבית קומות,5.5,שלישית,103,"1,975,000"
13.03.2019,גבעת זאב,נווה מנחם,דרגות,10,דירה בבית קומות,4.0,ראשונה,91,"1,760,000"
07.03.2019,גבעת זאב,נווה מנחם,דרגות,2,דירה בבית קומות,3.0,ראשונה,94,"1,350,000"
26.02.2019,גבעת זאב,נווה מנחם,ייטב,5,דירת גג,5.0,שלישית,97,"1,900,000"
25.02.2019,גבעת זאב,נווה מנחם,דרגות,10,דירה בבית קומות,3.0,שניה,83,"1,410,000"
19.02.2019,גבעת זאב,נווה מנחם,תור,18,דירה בבית קומות,5.0, ,129,"2,220,000"
18.02.2019,גבעת זאב,נווה מנחם,נחליאלי,6,דירה בבית קומות,4.0,ראשונה,106,"1,820,000"
17.02.2019,גבעת זאב,נווה מנחם,קדרון,14,דירה בבית קומות,3.0,ראשונה,64,"1,550,000"
06.02.2019,גבעת זאב,נווה מנחם,ייטב,7,דירה בבית קומות,4.5,שניה,118,"1,700,000"
17.01.2019,גבעת זאב,נווה מנחם,דוכיפת,2,דירה בבית קומות,3.0,ראשונה,81,"1,380,000"
25.11.2018,גבעת זאב,נווה מנחם,דרגות,10,דירה בבית קומות,5.0,שלישית,106,"1,950,000"
19.11.2018,גבעת זאב,נווה מנחם,קדרון,4,דירה בבית קומות,3.0,שניה,79,"1,290,000"
15.11.2018,גבעת זאב,נווה מנחם,דרגות,10,דירה בבית קומות,3.0,ראשונה,91,"1,550,000"
08.11.2018,גבעת זאב,נווה מנחם,נחליאלי,10,דירה בבית קומות,5.0,ראשונה,123,"1,660,000"
17.09.2018,גבעת זאב,נווה מנחם,קדרון,12,דירה בבית קומות,5.0,שניה,124,"1,700,000"
14.08.2018,גבעת זאב,נווה מנחם,ייטב,7,דירה בבית קומות,4.0, ,80,"1,410,000"
13.07.2018,גבעת זאב,נווה מנחם,דרגות,8,דירה בבית קומות,4.0, ,94,"1,380,000"
03.07.2018,גבעת זאב,נווה מנחם,קדרון,18,דירה בבית קומות,4.0,שלישית,100,"2,150,000"
27.06.2018,גבעת זאב,נווה מנחם,דרגות,2,דירה בבית קומות,3.0,שניה,83,"1,425,000"
27.05.2018,גבעת זאב,נווה מנחם,דוכיפת,14,דירה בבית קומות,5.0,ראשונה,108,"1,600,000"
17.04.2018,גבעת זאב,נווה מנחם,דוכיפת,14,דירה בבית קומות,5.0,שניה,108,"1,632,000"
12.04.2018,גבעת זאב,נווה מנחם,נחליאלי,8,דירה בבית קומות,3.0,ראשונה,83,"1,475,000"
26.02.2018,גבעת זאב,נווה מנחם,קדרון,20,דירה בבית קומות,5.0,שניה,161,"2,335,000"
22.01.2018,גבעת זאב,נווה מנחם,קדרון,14,דירה בבית קומות,5.0,שלישית,120,"1,760,000"
18.01.2018,גבעת זאב,נווה מנחם,קדרון,2,דירה בבית קומות,5.0,שלישית,117,"1,950,000"
13.12.2017,גבעת זאב,נווה מנחם,תור,14,דירה בבית קומות,5.0, ,130,"2,100,000"
01.12.2017,גבעת זאב,נווה מנחם,נחליאלי,7,דירה בבית קומות,4.5,שניה,110,"1,810,000"
20.11.2017,גבעת זאב,נווה מנחם,ייטב,5,דירה בבית קומות,4.0,ראשונה,102,"2,050,000"
28.09.2017,גבעת זאב,נווה מנחם,קדרון,12,דירה בבית קומות,4.0,שביעית,73,"1,750,000"
04.09.2017,גבעת זאב,נווה מנחם,דרגות,6,דירה בבית קומות,5.0,שלישית,133,"1,960,000"
02.08.2017,גבעת זאב,נווה מנחם,נחליאלי,4,דירה בבית קומות,3.0,ראשונה,78,"1,400,000"
02.08.2017,גבעת זאב,נווה מנחם,נחליאלי,4,דירה בבית קומות,4.0, ,104,"1,780,000"
24.07.2017,גבעת זאב,נווה מנחם,נחליאלי,3,דירה בבית קומות,3.0,ראשונה,78,"775,000"
16.07.2017,גבעת זאב,נווה מנחם,נחליאלי,4,דירה בבית קומות,8.0, ,171,"2,600,000"
17.05.2017,גבעת זאב,נווה מנחם,דרגות,6,דירה בבית קומות,3.0,ראשונה,94,"1,425,000"
23.04.2017,גבעת זאב,נווה מנחם,דוכיפת,6,דירה בבית קומות,5.0,ראשונה,108,"1,760,000"
06.04.2017,גבעת זאב,נווה מנחם,דוכיפת,6,דירה בבית קומות,3.0, ,77,"1,275,000"
09.03.2017,גבעת זאב,נווה מנחם,נחליאלי,7,דירה בבית קומות,5.0,שניה,106,"1,680,000"
23.02.2017,גבעת זאב,נווה מנחם,נחליאלי,4,דירה בבית קומות,3.0,שניה,82,"1,460,000"
15.02.2017,גבעת זאב,נווה מנחם,קדרון,18,דירה בבית קומות,4.0, ,102,"1,750,000"
08.02.2017,גבעת זאב,נווה מנחם,דרגות,2,דירה בבית קומות,4.0,ראשונה,87,"1,450,000"
31.01.2017,גבעת זאב,נווה מנחם,דוכיפת,2,דירה בבית קומות,5.0,שניה,116,"1,800,000"
24.01.2017,גבעת זאב,נווה מנחם,ייטב,7,דירת גן,4.0,ראשונה,117,"2,100,000"
17.01.2017,גבעת זאב,נווה מנחם,דוכיפת,14,דירה בבית קומות,3.0, ,77,"1,555,000"
18.12.2016,גבעת זאב,נווה מנחם,ייטב,7,דירה בבית קומות,4.5,שניה,118,"1,650,000"
10.11.2016,גבעת זאב,נווה מנחם,דוכיפת,2,דירה בבית קומות,6.0,שלישית,112,"2,000,000"
08.09.2016,גבעת זאב,נווה מנחם,נחליאלי,8,דירה בבית קומות,4.0,ראשונה,110,"1,300,000"
31.07.2016,גבעת זאב,נווה מנחם,נחליאלי,8,דירה בבית קומות,5.0,ראשונה,122,"1,560,000"
06.07.2016,גבעת זאב,נווה מנחם,קדרון,7,דירה בבית קומות,6.0,ראשונה,146,"2,440,000"
02.06.2016,גבעת זאב,נווה מנחם,נחליאלי,7,דירה בבית קומות,4.0,ראשונה,102,"1,600,000"
10.05.2016,גבעת זאב,נווה מנחם,קדרון,12,דירה בבית קומות,4.0,חמישית,100,"1,495,000"
07.04.2016,גבעת זאב,נווה מנחם,חבר,14,קוטג' חד משפחתי,1.0, ,269,"3,120,000"
02.11.2015,גבעת זאב,נווה מנחם,נחליאלי,8,דירה בבית קומות,4.0,שניה,106,"1,527,000"
15.10.2015,גבעת זאב,נווה מנחם,נחליאלי,7,דירה בבית קומות,3.0,ראשונה,78,"1,450,000"
14.10.2015,גבעת זאב,נווה מנחם,קדרון,4,דירה בבית קומות,4.0, ,109,"1,450,000"
08.10.2015,גבעת זאב,נווה מנחם,נחליאלי,8,דירה בבית קומות,7.0,שניה,130,"1,640,000"
10.09.2015,גבעת זאב,נווה מנחם,ייטב,5,דירה בבית קומות,4.0,שניה,93,"1,430,000"
04.09.2015,גבעת זאב,נווה מנחם,דרגות,6,דירה בבית קומות,4.0, ,126,"1,400,000"
30.08.2015,גבעת זאב,נווה מנחם,ייטב,7,דירה בבית קומות,3.5,ראשונה,89,"1,290,000"
25.06.2015,גבעת זאב,נווה מנחם,דרגות,4,דירה בבית קומות,5.0,רביעית,120,"1,740,000"
04.06.2015,גבעת זאב,נווה מנחם,נחליאלי,3,דירה בבית קומות,5.0,שניה,103,"1,560,000"
28.05.2015,גבעת זאב,נווה מנחם,נחליאלי,7,דירה בבית קומות,4.0,שלישית,90,"1,680,000"
14.04.2015,גבעת זאב,נווה מנחם,קדרון,18,דירה בבית קומות,3.0, ,75,"1,180,000"
25.02.2015,גבעת זאב,נווה מנחם,דוכיפת,10,דירה בבית קומות,6.0,שלישית,136,"1,800,000"
12.02.2015,גבעת זאב,נווה מנחם,דוכיפת,14,דירה בבית קומות,3.0, ,77,"1,330,000"
04.01.2015,גבעת זאב,נווה מנחם,נחליאלי,6,דירת גן,4.0, ,110,"1,340,000"
23.12.2014,גבעת זאב,נווה מנחם,נחליאלי,10,דירה בבית קומות,4.0, ,105,"1,390,000"
28.09.2014,גבעת זאב,נווה מנחם,סלעית,9,דירה בבית קומות,6.0, ,187,"2,575,000"
16.09.2014,גבעת זאב,נווה מנחם,נחליאלי,10,דירה בבית קומות,4.0,שניה,106,"1,480,000"
09.09.2014,גבעת זאב,נווה מנחם,דרגות,4,דירה בבית קומות,3.0,שניה,75,"1,227,000"
17.08.2014,גבעת זאב,נווה מנחם,קדרון,12,דירה בבית קומות,5.0,ראשונה,121,"1,465,000"
10.08.2014,גבעת זאב,נווה מנחם,נחליאלי,6,דירה בבית קומות,4.0,ראשונה,110,"1,140,000"
22.04.2014,גבעת זאב,נווה מנחם,קדרון,12,דירה בבית קומות,5.0,שביעית,96,"1,430,000"
10.04.2014,גבעת זאב,נווה מנחם,קדרון,16,דירה בבית קומות,4.0,חמישית,97,"1,575,000"
18.03.2014,גבעת זאב,נווה מנחם,נחליאלי,5,דירה בבית קומות,3.0,ראשונה,98,"1,535,000"
30.12.2013,גבעת זאב,נווה מנחם,נחליאלי,8,דירה בבית קומות,4.0, ,106,"1,480,000"
22.12.2013,גבעת זאב,נווה מנחם,דוכיפת,8,דירה בבית קומות,4.0,שלישית,95,"1,440,000"
18.12.2013,גבעת זאב,נווה מנחם,ייטב,5,דירה בבית קומות,4.0,שניה,103,"1,470,000"
10.12.2013,גבעת זאב,נווה מנחם,דוכיפת,4,דירה בבית קומות,4.0,שניה,95,"1,375,000"
21.11.2013,גבעת זאב,נווה מנחם,קדרון,2,דירה בבית קומות,4.0, ,98,"1,455,000"
12.11.2013,גבעת זאב,נווה מנחם,ייטב,5,דירה בבית קומות,6.0,ראשונה,150,"1,100,000"
05.11.2013,גבעת זאב,נווה מנחם,נחליאלי,10,דירה בבית קומות,3.0, ,78,"1,186,000"
24.10.2013,גבעת זאב,נווה מנחם,נחליאלי,8,דירה בבית קומות,3.0,ראשונה,83,"1,200,000"
14.08.2013,גבעת זאב,נווה מנחם,דוכיפת,4,דירה בבית קומות,4.0,שניה,105,"1,280,000"
05.08.2013,גבעת זאב,נווה מנחם,קדרון,20,דירה בבית קומות,3.0,רביעית,73,"1,260,000"
05.08.2013,גבעת זאב,נווה מנחם,קדרון,12,דירה בבית קומות,5.0,שניה,124,"1,350,000"
03.06.2013,גבעת זאב,נווה מנחם,נחליאלי,8,דירה בבית קומות,3.0, ,80,"1,100,000"
31.05.2013,גבעת זאב,נווה מנחם,קדרון,12,דירה בבית קומות,5.0,ראשונה,120,"1,395,000"
04.05.2013,גבעת זאב,נווה מנחם,ייטב,7,דירה בבית קומות,4.0,ראשונה,97,"1,225,000"
28.04.2013,גבעת זאב,נווה מנחם,קדרון,2,דירה בבית קומות,3.0,ראשונה,70,"1,175,000"
18.04.2013,גבעת זאב,נווה מנחם,פרת,7,דירה בבית קומות,5.0, ,131,"1,500,000"
12.03.2013,גבעת זאב,נווה מנחם,קדרון,18,דירה בבית קומות,4.0,ראשונה,106,"1,450,000"
17.01.2013,גבעת זאב,נווה מנחם,דוכיפת,12,דירה בבית קומות,5.0, ,118,"1,470,000"
09.12.2012,גבעת זאב,נווה מנחם,דרגות,6,דירה בבית קומות,3.0,שניה,78,"1,000,000"
06.12.2012,גבעת זאב,נווה מנחם,דרגות,10,דירה בבית קומות,3.0,ראשונה,93,"1,415,000"
29.10.2012,גבעת זאב,נווה מנחם,דרגות,2,דירה בבית קומות,4.0,שניה,108,"1,450,000"
12.09.2012,גבעת זאב,נווה מנחם,קדרון,9,דירה בבית קומות,6.0, ,147,"1,600,000"
23.08.2012,גבעת זאב,נווה מנחם,דרגות,2,דירה בבית קומות,3.0,שניה,78,"1,150,000"
13.08.2012,גבעת זאב,נווה מנחם,דוכיפת,12,דירה בבית קומות,4.0, ,95,"1,420,000"
03.07.2012,גבעת זאב,נווה מנחם,דוכיפת,8,דירה בבית קומות,4.0,ראשונה,95,"1,380,000"
24.06.2012,גבעת זאב,נווה מנחם,קדרון,4,דירה בבית קומות,4.0, ,87,"1,020,000"
19.06.2012,גבעת זאב,נווה מנחם,נחליאלי,6,דירה בבית קומות,3.5, ,78,"1,200,000"
26.01.2012,גבעת זאב,נווה מנחם,נחליאלי,8,דירה בבית קומות,7.0, ,105,"1,485,000"
12.11.2011,גבעת זאב,נווה מנחם,דרגות,4,דירה בבית קומות,4.0, ,98,"1,040,000"
28.08.2011,גבעת זאב,נווה מנחם,נחליאלי,3,דירה בבית קומות,4.0, ,84,"1,260,000"
12.07.2011,גבעת זאב,נווה מנחם,דוכיפת,10,דירה בבית קומות,6.0,שלישית,136,"1,603,000"
03.07.2011,גבעת זאב,נווה מנחם,קדרון,6,דירה בבית קומות,4.0, ,87,"1,070,000"
20.06.2011,גבעת זאב,נווה מנחם,דוכיפת,14,דירה בבית קומות,5.0,שניה,116,"1,455,000"
01.06.2011,גבעת זאב,נווה מנחם,קדרון,12,דירה בבית קומות,1.0, ,75,"1,025,000"
08.05.2011,גבעת זאב,נווה מנחם,נחליאלי,5,דירה בבית קומות,3.0,ראשונה,78,"1,175,000"
15.03.2011,גבעת זאב,נווה מנחם,קדרון,7,דירה בבית קומות,6.0, ,147,"1,715,000"
21.02.2011,גבעת זאב,נווה מנחם,נחליאלי,8,דירה בבית קומות,3.0, ,78,"1,120,000"
16.01.2011,גבעת זאב,נווה מנחם,קדרון,14,דירה בבית קומות,3.0,ראשונה,85,"1,150,000"
16.01.2011,גבעת זאב,נווה מנחם,קדרון,12,דירה בבית קומות,4.0,תשיעית,100,"1,350,000"
17.12.2010,גבעת זאב,נווה מנחם,נחליאלי,5,דירה בבית קומות,4.0, ,110,"1,550,000"
24.11.2010,גבעת זאב,נווה מנחם,קדרון,2,דירה בבית קומות,4.0, ,126,"1,585,000"
23.11.2010,גבעת זאב,נווה מנחם,דרגות,2,דירה בבית קומות,3.0, ,78,"1,040,000"
04.11.2010,גבעת זאב,נווה מנחם,קדרון,12,דירה בבית קומות,5.0, ,117,"1,550,000"
01.10.2010,גבעת זאב,נווה מנחם,נחליאלי,7,דירה בבית קומות,3.0,שניה,78,"1,055,000"
24.08.2010,גבעת זאב,נווה מנחם,נחליאלי,7,דירה בבית קומות,5.0, ,110,"1,300,000"
29.07.2010,גבעת זאב,נווה מנחם,קדרון,4,דירה בבית קומות,5.0, ,133,"1,285,000"
10.06.2010,גבעת זאב,נווה מנחם,ייטב,5,דירה בבית קומות,3.0, ,80,"1,200,000"
29.04.2010,גבעת זאב,נווה מנחם,דרגות,2,דירה בבית קומות,3.0,ראשונה,75,"930,000"
17.03.2010,גבעת זאב,נווה מנחם,נחליאלי,6,דירה בבית קומות,3.0, ,83,"970,000"
02.03.2010,גבעת זאב,נווה מנחם,דוכיפת,10,דירה בבית קומות,5.0,ראשונה,108,"1,280,000"
23.12.2009,גבעת זאב,נווה מנחם,קדרון,6,דירה בבית קומות,3.0, ,93,"870,000"
29.11.2009,גבעת זאב,נווה מנחם,נחליאלי,5,דירה בבית קומות,4.0, ,90,"1,275,000"
14.10.2009,גבעת זאב,נווה מנחם,דרגות,8,דירה בבית קומות,4.0, ,98,"1,150,000"
29.09.2009,גבעת זאב,נווה מנחם,קדרון,20,דירה בבית קומות,5.0, ,132,"1,340,000"
24.09.2009,גבעת זאב,נווה מנחם,דוכיפת,12,דירה בבית קומות,5.0, ,108,"920,000"
08.09.2009,גבעת זאב,נווה מנחם,נחליאלי,3,דירה בבית קומות,5.0, ,100,"1,150,000"
13.08.2009,גבעת זאב,נווה מנחם,דרגות,8,דירה בבית קומות,3.0,שלישית,78,"800,000"
05.08.2009,גבעת זאב,נווה מנחם,ייטב,7,דירה בבית קומות,3.0, ,74,"915,000"
21.07.2009,גבעת זאב,נווה מנחם,דרגות,10,דירה בבית קומות,5.0,שלישית,133,"1,300,000"
14.07.2009,גבעת זאב,נווה מנחם,נחליאלי,6,דירה בבית קומות,4.0,ראשונה,106,"950,000"
09.07.2009,גבעת זאב,נווה מנחם,דוכיפת,4,דירה בבית קומות,5.0,שניה,108,"923,000"
05.07.2009,גבעת זאב,נווה מנחם,קדרון,3,דירה בבית קומות,6.0, ,147,"1,600,000"
02.07.2009,גבעת זאב,נווה מנחם,ייטב,5,דירה בבית קומות,4.0, ,83,"900,000"
01.07.2009,גבעת זאב,נווה מנחם,קדרון,12,דירה בבית קומות,5.0, ,117,"1,340,000"
22.06.2009,גבעת זאב,נווה מנחם,קדרון,16,דירה בבית קומות,4.0, ,85,"1,070,000"
10.06.2009,גבעת זאב,נווה מנחם,נחליאלי,6,דירה בבית קומות,4.0,ראשונה,106,"950,000"
09.06.2009,גבעת זאב,נווה מנחם,דוכיפת,6,דירה בבית קומות,6.0, ,141,"1,230,000"
03.06.2009,גבעת זאב,נווה מנחם,דרגות,8,דירה בבית קומות,4.5, ,133,"1,075,000"
22.04.2009,גבעת זאב,נווה מנחם,נחליאלי,10,דירה בבית קומות,3.0,ראשונה,78,"813,000"
31.03.2009,גבעת זאב,נווה מנחם,קדרון,4,דירה בבית קומות,3.0, ,90,"730,000"
22.03.2009,גבעת זאב,נווה מנחם,קדרון,20,דירה בבית קומות,4.0, ,85,"910,000"
18.03.2009,גבעת זאב,נווה מנחם,דרגות,8,דירה בבית קומות,3.0,שניה,78,"795,000"
18.03.2009,גבעת זאב,נווה מנחם,דרגות,10,דירה בבית קומות,3.0,ראשונה,93,"905,000"
27.01.2009,גבעת זאב,נווה מנחם,קדרון,12,דירה בבית קומות,4.0, ,112,"1,050,000"
19.01.2009,גבעת זאב,נווה מנחם,נחליאלי,4,דירה בבית קומות,3.0, ,83,"760,000"
15.01.2009,גבעת זאב,נווה מנחם,נחליאלי,8,דירה בבית קומות,5.0, ,117,"1,150,000"
21.12.2008,גבעת זאב,נווה מנחם,קדרון,2,דירה בבית קומות,3.0,שניה,75,"760,000"
02.10.2008,גבעת זאב,נווה מנחם,דוכיפת,2,דירה בבית קומות,3.0, ,92,"840,000"
24.07.2008,גבעת זאב,נווה מנחם,דוכיפת,2,דירה בבית קומות,5.0,שניה,108,"950,000"
18.06.2008,גבעת זאב,נווה מנחם,דרגות,4,דירה בבית קומות,3.0, ,78,"785,000"
25.05.2008,גבעת זאב,נווה מנחם,קדרון,5,דירה בבית קומות,6.0,ראשונה,147,"1,300,000"
29.04.2008,גבעת זאב,נווה מנחם,דוכיפת,2,דירה בבית קומות,5.0,ראשונה,108,"925,000"
10.04.2008,גבעת זאב,נווה מנחם,נחליאלי,8,דירה בבית קומות,3.0, ,70,"820,000"
19.03.2008,גבעת זאב,נווה מנחם,ערוגות,6,דירה בבית קומות,8.0, ,180,"1,275,000"
27.02.2008,גבעת זאב,נווה מנחם,דוכיפת,6,דירה בבית קומות,5.0, ,108,"805,000"
20.02.2008,גבעת זאב,נווה מנחם,דרגות,4,דירה בבית קומות,5.0,שלישית,115,"905,000"
06.02.2008,גבעת זאב,נווה מנחם,דוכיפת,6,דירה בבית קומות,5.0, ,108,"850,000"
17.01.2008,גבעת זאב,נווה מנחם,נחליאלי,4,דירה בבית קומות,3.0,שישית,78,"620,000"
03.12.2007,גבעת זאב,נווה מנחם,קדרון,14,דירה בבית קומות,4.0, ,85,"670,000"
16.11.2007,גבעת זאב,נווה מנחם,נחליאלי,8,דירה בבית קומות,3.0,ראשונה,83,"668,000"
14.11.2007,גבעת זאב,נווה מנחם,דוכיפת,14,דירה בבית קומות,5.0,שניה,116,"815,000"
11.11.2007,גבעת זאב,נווה מנחם,דוכיפת,4,דירה בבית קומות,5.0, ,108,"862,000"
22.10.2007,גבעת זאב,נווה מנחם,נחליאלי,3,דירה בבית קומות,6.0,שניה,150,"947,000"
10.10.2007,גבעת זאב,נווה מנחם,דרגות,10,דירה בבית קומות,4.0,שניה,80,"864,000"
09.09.2007,גבעת זאב,נווה מנחם,דוכיפת,14,דירה בבית קומות,6.0,שלישית,136,"980,000"
30.08.2007,גבעת זאב,נווה מנחם,קדרון,12,דירה בבית קומות,4.0,שישית,72,"781,000"
26.08.2007,גבעת זאב,נווה מנחם,ייטב,5,דירה בבית קומות,4.0, ,94,"977,000"
22.08.2007,גבעת זאב,נווה מנחם,קדרון,6,דירה בבית קומות,3.0, ,93,"638,000"
31.07.2007,גבעת זאב,נווה מנחם,נחליאלי,5,דירה בבית קומות,4.0,שניה,104,"904,000"
22.07.2007,גבעת זאב,נווה מנחם,דרגות,2,דירה בבית קומות,3.0,שניה,90,"591,000"
13.07.2007,גבעת זאב,נווה מנחם,קדרון,14,דירה בבית קומות,3.0, ,72,"740,000"
10.07.2007,גבעת זאב,נווה מנחם,דוכיפת,6,דירה בבית קומות,3.0, ,77,"666,000"
21.06.2007,גבעת זאב,נווה מנחם,נחליאלי,6,דירה בבית קומות,4.0,שלישית,100,"972,000"
13.06.2007,גבעת זאב,נווה מנחם,ייטב,5,דירה בבית קומות,3.0,ראשונה,70,"765,000"
05.06.2007,גבעת זאב,נווה מנחם,קדרון,18,דירה בבית קומות,4.0,ראשונה,87,"691,000"
04.06.2007,גבעת זאב,נווה מנחם,דרגות,6,דירה בבית קומות,5.0,שלישית,128,"865,000"
07.05.2007,גבעת זאב,נווה מנחם,נחליאלי,6,דירה בבית קומות,4.0, ,90,"579,000"
30.03.2007,גבעת זאב,נווה מנחם,דרגות,6,דירה בבית קומות,4.0,ראשונה,100,"1,038,000"
29.03.2007,גבעת זאב,נווה מנחם,דרגות,10,דירה בבית קומות,3.0, ,83,"617,000"
27.03.2007,גבעת זאב,נווה מנחם,קדרון,6,דירה בבית קומות,4.0, ,92,"631,000"
15.03.2007,גבעת זאב,נווה מנחם,ייטב,7,דירה בבית קומות,3.0, ,75,"737,000"
13.03.2007,גבעת זאב,נווה מנחם,קדרון,12,דירה בבית קומות,4.0, ,100,"645,000"
28.02.2007,גבעת זאב,נווה מנחם,ייטב,7,דירה בבית קומות,4.0, ,100,"707,000"
04.02.2007,גבעת זאב,נווה מנחם,קדרון,14,דירה בבית קומות,4.0, ,85,"770,000"
18.12.2006,גבעת זאב,נווה מנחם,קדרון,12,דירה בבית קומות,5.0,ראשונה,120,"817,000"
12.12.2006,גבעת זאב,נווה מנחם,ייטב,5,דירה בבית קומות,4.0,ראשונה,100,"680,000"
29.11.2006,גבעת זאב,נווה מנחם,דרגות,2,דירה בבית קומות,3.0,שניה,78,"613,000"
02.11.2006,גבעת זאב,נווה מנחם,נחליאלי,6,דירה בבית קומות,3.0,ראשונה,62,"556,000"
01.11.2006,גבעת זאב,נווה מנחם,דרגות,10,דירה בבית קומות,5.0,שלישית,128,"894,000"
20.07.2006,גבעת זאב,נווה מנחם,קדרון,2,דירה בבית קומות,3.0, ,78,"560,000"
12.07.2006,גבעת זאב,נווה מנחם,דוכיפת,14,דירה בבית קומות,5.0,ראשונה,125,"800,000"
09.07.2006,גבעת זאב,נווה מנחם,קדרון,16,דירה בבית קומות,3.0,חמישית,77,"671,000"
09.05.2006,גבעת זאב,נווה מנחם,דוכיפת,10,דירה בבית קומות,6.0,שלישית,150,"950,000"
04.04.2006,גבעת זאב,נווה מנחם,דרגות,6,דירה בבית קומות,3.0, ,87,"591,000"
01.03.2006,גבעת זאב,נווה מנחם,דרגות,10,דירה בבית קומות,3.0,ראשונה,75,"634,000"
12.01.2006,גבעת זאב,נווה מנחם,ייטב,7,דירה בבית קומות,4.0, ,89,"628,000"
27.12.2005,גבעת זאב,נווה מנחם,קדרון,12,דירה בבית קומות,4.0,שניה,115,"748,000"
13.11.2005,גבעת זאב,נווה מנחם,קדרון,9,דירה בבית קומות,6.0,ראשונה,177,"1,061,000"
28.09.2005,גבעת זאב,נווה מנחם,קדרון,2,דירה בבית קומות,4.0, ,98,"760,000"
21.09.2005,גבעת זאב,נווה מנחם,קדרון,2,דירה בבית קומות,4.0, ,94,"594,000"
15.09.2005,גבעת זאב,נווה מנחם,נחליאלי,4,דירה בבית קומות,4.0, ,106,"803,000"
04.09.2005,גבעת זאב,נווה מנחם,ייטב,5,דירה בבית קומות,4.0,ראשונה,100,"888,000"
16.08.2005,גבעת זאב,נווה מנחם,קדרון,20,דירה בבית קומות,4.0,שניה,94,"900,000"
03.08.2005,גבעת זאב,נווה מנחם,ייטב,5,דירה בבית קומות,4.0,ראשונה,115,"862,000"
27.06.2005,גבעת זאב,נווה מנחם,קדרון,18,דירה בבית קומות,3.0, ,85,"544,000"
28.03.2005,גבעת זאב,נווה מנחם,דוכיפת,2,דירה בבית קומות,5.0, ,125,"768,000"
10.02.2005,גבעת זאב,נווה מנחם,קדרון,12,דירה בבית קומות,4.0, ,100,"1,200,000"
24.12.2004,גבעת זאב,נווה מנחם,קדרון,16,דירה בבית קומות,5.0,חמישית,132,"866,000"
26.11.2004,גבעת זאב,נווה מנחם,קדרון,12,דירה בבית קומות,3.0, ,59,"441,000"
16.08.2004,גבעת זאב,נווה מנחם,דרגות,8,דירה בבית קומות,3.0,שלישית,83,"580,000"
08.08.2004,גבעת זאב,נווה מנחם,דרגות,6,דירה בבית קומות,5.0,שלישית,117,"824,000"
03.08.2004,גבעת זאב,נווה מנחם,דוכיפת,6,דירה בבית קומות,3.0, ,77,"579,000"
25.07.2004,גבעת זאב,נווה מנחם,דוכיפת,4,דירה בבית קומות,5.0,ראשונה,108,"800,000"
20.07.2004,גבעת זאב,נווה מנחם,דרגות,10,דירה בבית קומות,3.0,שלישית,72,"547,000"
13.07.2004,גבעת זאב,נווה מנחם,קדרון,16,דירה בבית קומות,3.0, ,74,"627,000"
11.07.2004,גבעת זאב,נווה מנחם,קדרון,6,דירה בבית קומות,3.0, ,93,"645,000"
11.07.2004,גבעת זאב,נווה מנחם,ייטב,5,דירה בבית קומות,4.0,שניה,83,"696,000"
04.07.2004,גבעת זאב,נווה מנחם,דרגות,6,דירה בבית קומות,3.0,ראשונה,84,"577,000"
01.07.2004,גבעת זאב,נווה מנחם,ייטב,7,דירה בבית קומות,3.0,ראשונה,70,"618,000"
15.06.2004,גבעת זאב,נווה מנחם,דרגות,8,דירת גג,5.0,שלישית,128,"769,000"
29.04.2004,גבעת זאב,נווה מנחם,דוכיפת,4,דירה בבית קומות,4.0,שלישית,90,"702,000"
26.04.2004,גבעת זאב,נווה מנחם,קדרון,12,דירה בבית קומות,4.0,שלישית,79,"779,000"
19.03.2004,גבעת זאב,נווה מנחם,דוכיפת,4,דירה בבית קומות,4.0,ראשונה,90,"676,000"
09.03.2004,גבעת זאב,נווה מנחם,קדרון,9,דירה בבית קומות,6.0, ,147,"935,000"
24.02.2004,גבעת זאב,נווה מנחם,נחליאלי,7,דירה בבית קומות,4.0, ,110,"755,000"
03.02.2004,גבעת זאב,נווה מנחם,דרגות,4,דירה בבית קומות,3.0,ראשונה,80,"632,000"
02.02.2004,גבעת זאב,נווה מנחם,נחליאלי,8,דירה בבית קומות,4.0, ,106,"660,000"
21.01.2004,גבעת זאב,נווה מנחם,דרגות,6,דירה בבית קומות,4.0,ראשונה,98,"683,000"
06.01.2004,גבעת זאב,נווה מנחם,נחליאלי,4,דירה בבית קומות,4.0, ,106,"690,000"
25.12.2003,גבעת זאב,נווה מנחם,דרגות,8,דירה בבית קומות,3.0,שלישית,69,"545,000"
23.10.2003,גבעת זאב,נווה מנחם,דרגות,2,דירת גן,4.0, ,89,"980,000"
29.09.2003,גבעת זאב,נווה מנחם,קדרון,4,דירה בבית קומות,4.0,ראשונה,115,"824,000"
10.09.2003,גבעת זאב,נווה מנחם,נחליאלי,5,דירה בבית קומות,4.0,ראשונה,100,"759,000"
26.08.2003,גבעת זאב,נווה מנחם,קדרון,2,דירה בבית קומות,3.0,שניה,75,"543,000"
24.08.2003,גבעת זאב,נווה מנחם,קדרון,20,דירה בבית קומות,4.0,ראשונה,100,"704,000"
21.08.2003,גבעת זאב,נווה מנחם,דוכיפת,14,דירה בבית קומות,5.0,שניה,116,"768,000"
12.08.2003,גבעת זאב,נווה מנחם,ייטב,7,דירה בבית קומות,4.0,שלישית,75,"711,000"
01.07.2003,גבעת זאב,נווה מנחם,נחליאלי,10,דירה בבית קומות,4.0,ראשונה,106,"698,000"
17.06.2003,גבעת זאב,נווה מנחם,נחליאלי,10, ,7.0,ראשונה,175,"914,000"
11.06.2003,גבעת זאב,נווה מנחם,קדרון,6,דירה בבית קומות,3.0,שניה,93,"534,000"
09.06.2003,גבעת זאב,נווה מנחם,נחליאלי,5,דירה בבית קומות,4.0,ראשונה,102,"725,000"
06.05.2003,גבעת זאב,נווה מנחם,נחליאלי,6, ,5.0,שניה,116,"729,000"
28.04.2003,גבעת זאב,נווה מנחם,קדרון,18, ,5.0,שניה,132,"850,000"
19.12.2002,גבעת זאב,נווה מנחם,קדרון,6, ,4.0,ראשונה,98,"782,000"
15.12.2002,גבעת זאב,נווה מנחם,קדרון,20, ,3.0,ראשונה,75,"558,000"
07.10.2002,גבעת זאב,נווה מנחם,נחליאלי,4,דירה בבית קומות,6.0,ראשונה,150,"933,000"
25.07.2002,גבעת זאב,נווה מנחם,נחליאלי,8, ,4.0,ראשונה,105,"740,000"
09.06.2002,גבעת זאב,נווה מנחם,קדרון,14, ,3.0,ראשונה,75,"706,000"
01.05.2002,גבעת זאב,נווה מנחם,נחליאלי,4, ,4.0,שניה,110,"757,000"
06.03.2002,גבעת זאב,נווה מנחם,קדרון,6, ,4.0,שניה,87,"565,000"
14.01.2002,גבעת זאב,נווה מנחם,קדרון,6, ,3.0,ראשונה,75,"637,000"
07.11.2001,גבעת זאב,נווה מנחם,קדרון,18, ,3.0,ראשונה,65,"661,000"
05.11.2001,גבעת זאב,נווה מנחם,קדרון,18, ,4.0,ראשונה,100,"744,000"
13.10.2001,גבעת זאב,נווה מנחם,דוכיפת,8, ,4.0,שלישית,95,"738,000"
07.10.2001,גבעת זאב,נווה מנחם,נחליאלי,3, ,5.0,ראשונה,125,"729,000"
01.06.2001,גבעת זאב,נווה מנחם,קדרון,6, ,3.0,ראשונה,87,"559,000"
30.05.2001,גבעת זאב,נווה מנחם,קדרון,6, ,3.0,ראשונה,75,"564,000"
22.05.2001,גבעת זאב,נווה מנחם,נחליאלי,7, ,3.0,ראשונה,76,"585,000"
15.05.2001,גבעת זאב,נווה מנחם,קדרון,12, ,5.0,ראשונה,122,"755,000"
23.04.2001,גבעת זאב,נווה מנחם,קדרון,20, ,4.0,ראשונה,89,"747,000"
22.04.2001,גבעת זאב,נווה מנחם,קדרון,14, ,3.0,ראשונה,74,"622,000"
25.03.2001,גבעת זאב,נווה מנחם,קדרון,18, ,4.0,ראשונה,100,"792,000"
20.03.2001,גבעת זאב,נווה מנחם,נחליאלי,3, ,4.0,שניה,100,"775,000"
10.09.2000,גבעת זאב,נווה מנחם,קדרון,3, ,6.0,ראשונה,150,"997,000"
03.09.2000,גבעת זאב,נווה מנחם,קדרון,16, ,3.0,ראשונה,75,"621,000"
23.08.2000,גבעת זאב,נווה מנחם,קדרון,7, ,6.0,ראשונה,147,"827,000"
03.08.2000,גבעת זאב,נווה מנחם,קדרון,2, ,3.0,שניה,78,"589,000"
25.07.2000,גבעת זאב,נווה מנחם,נחליאלי,6, ,3.0,ראשונה,75,"625,000"
10.07.2000,גבעת זאב,נווה מנחם,קדרון,5, ,6.0,ראשונה,140,"997,000"
02.07.2000,גבעת זאב,נווה מנחם,קדרון,16, ,3.0,ראשונה,74,"653,000"
06.02.2000,גבעת זאב,נווה מנחם,קדרון,4, ,3.0,שניה,78,"648,000"
18.10.1999,גבעת זאב,נווה מנחם,נחליאלי,10, ,3.0,ראשונה,78,"673,000"
05.10.1999,גבעת זאב,נווה מנחם,דוכיפת,14, ,5.0,שניה,140,"891,000"
26.07.1999,גבעת זאב,נווה מנחם,קדרון,16, ,3.0, ,64,"691,000"
19.07.1999,גבעת זאב,נווה מנחם,דוכיפת,14, ,3.0, ,100,"672,000"
12.07.1999,גבעת זאב,נווה מנחם,נחליאלי,8, ,3.0,ראשונה,85,"625,000"
04.07.1999,גבעת זאב,נווה מנחם,נחליאלי,6, ,4.0,ראשונה,100,"713,000"
27.04.1999,גבעת זאב,נווה מנחם,נחליאלי,8, ,3.0, ,75,"623,000"
26.04.1999,גבעת זאב,נווה מנחם,קדרון,4, ,4.0,ראשונה,100,"672,000"
28.02.1999,גבעת זאב,נווה מנחם,דוכיפת,14, ,5.0,שניה,140,"833,000"
26.01.1999,גבעת זאב,נווה מנחם,דוכיפת,4, ,5.0, ,133,"865,000"
07.01.1999,גבעת זאב,נווה מנחם,דוכיפת,2, ,6.0, ,157,"1,030,000"
23.12.1998,גבעת זאב,נווה מנחם,קדרון,4, ,3.0,שלישית,78,"623,000"
29.10.1998,גבעת זאב,נווה מנחם,דוכיפת,8, ,4.0,שלישית,100,"794,000"
19.09.1998,גבעת זאב,נווה מנחם,קדרון,4, ,4.0,ראשונה,115,"739,000"
20.08.1998,גבעת זאב,נווה מנחם,קדרון,20, ,3.0, ,75,"616,000"
22.07.1998,גבעת זאב,נווה מנחם,נחליאלי,7, ,4.0, ,100,"767,000"
09.06.1998,גבעת זאב,נווה מנחם,קדרון,18, ,3.0, ,85,"628,000"
04.06.1998,גבעת זאב,נווה מנחם,נחליאלי,6, ,4.0,שניה,100,"1,311,000"
19.04.1998,גבעת זאב,נווה מנחם,ערוגות,7, ,6.0, ,135,"915,000"
23.03.1998,גבעת זאב,נווה מנחם,קדרון,12, ,5.0,ראשונה,125,"1,613,000"
22.03.1998,גבעת זאב,נווה מנחם,ערוגות,3, ,6.0, ,138,"887,000"
